Commit,P8,P6,P2,P7,P5,P1,P4,P3
88a20ece4db960e35fbfa39fcb40e61daceb15b1,COMPILATION_FAILURE,COMPILATION_FAILURE,COMPILATION_FAILURE,COMPILATION_FAILURE,COMPILATION_FAILURE,COMPILATION_FAILURE,COMPILATION_FAILURE,COMPILATION_FAILURE
a4c360001134c2e3a9f7fbde88a07a9fd767e78e,BUILD_SUCCESS,BUILD_SUCCESS,BUILD_SUCCESS,BUILD_SUCCESS,BUILD_SUCCESS,BUILD_SUCCESS,BUILD_SUCCESS,BUILD_SUCCESS
65200df71d5f6ab1c5502f74a5dc7bcbda459563,BUILD_SUCCESS,COMPILATION_FAILURE,COMPILATION_FAILURE,COMPILATION_FAILURE,COMPILATION_FAILURE,COMPILATION_FAILURE,BUILD_SUCCESS,BUILD_SUCCESS
0305beafdecb0b28f7c94264ed20cdc4e41ff067,BUILD_SUCCESS,BUILD_SUCCESS,BUILD_SUCCESS,BUILD_SUCCESS,BUILD_SUCCESS,BUILD_SUCCESS,BUILD_SUCCESS,BUILD_SUCCESS
741f3b5e20a91b0e9305ae79261e3c5e64971c98,TEST_FAILURE,TEST_FAILURE,TEST_FAILURE,TEST_FAILURE,TEST_FAILURE,TEST_FAILURE,TEST_FAILURE,COMPILATION_FAILURE
90ffd2cd31edecf778d14d0015da9ceab7e53081,COMPILATION_FAILURE,COMPILATION_FAILURE,COMPILATION_FAILURE,TEST_FAILURE,COMPILATION_FAILURE,COMPILATION_FAILURE,TEST_FAILURE,TEST_FAILURE
9a8b6fc7847a0782ae4c48d0e4f7056507c0397d,COMPILATION_FAILURE,COMPILATION_FAILURE,COMPILATION_FAILURE,ERROR_MODEL_RESPONSE,COMPILATION_FAILURE,COMPILATION_FAILURE,COMPILATION_FAILURE,COMPILATION_FAILURE
b6a48a6e557fad1ceda680618e0a34c7b8c5c087,COMPILATION_FAILURE,COMPILATION_FAILURE,COMPILATION_FAILURE,COMPILATION_FAILURE,COMPILATION_FAILURE,COMPILATION_FAILURE,TEST_FAILURE,COMPILATION_FAILURE
a9df7b2235224fcabefa1d62e8956911aa5bb825,TEST_FAILURE,TEST_FAILURE,TEST_FAILURE,TEST_FAILURE,TEST_FAILURE,TEST_FAILURE,TEST_FAILURE,TEST_FAILURE
e70bd198fa1e1d65f86e071b8ebdd021141cfa95,DEPENDENCY_RESOLUTION_FAILURE,DEPENDENCY_RESOLUTION_FAILURE,DEPENDENCY_RESOLUTION_FAILURE,DEPENDENCY_RESOLUTION_FAILURE,DEPENDENCY_RESOLUTION_FAILURE,DEPENDENCY_RESOLUTION_FAILURE,DEPENDENCY_RESOLUTION_FAILURE,DEPENDENCY_RESOLUTION_FAILURE
9218cc9c8e0018d01e2d7cfe0e77aae7b65b378f,COMPILATION_FAILURE,COMPILATION_FAILURE,COMPILATION_FAILURE,COMPILATION_FAILURE,COMPILATION_FAILURE,COMPILATION_FAILURE,COMPILATION_FAILURE,COMPILATION_FAILURE
a80dac86d1caa3958c45c036d93a7d9231d88fbf,COMPILATION_FAILURE,COMPILATION_FAILURE,COMPILATION_FAILURE,TEST_FAILURE,COMPILATION_FAILURE,COMPILATION_FAILURE,TEST_FAILURE,TEST_FAILURE
10d7545c5771b03dd9f6122bd5973a759eb2cd03,COMPILATION_FAILURE,COMPILATION_FAILURE,COMPILATION_FAILURE,COMPILATION_FAILURE,COMPILATION_FAILURE,COMPILATION_FAILURE,COMPILATION_FAILURE,COMPILATION_FAILURE
4b4c08d502d98d240855013ab76008f5e0243435,COMPILATION_FAILURE,COMPILATION_FAILURE,TEST_FAILURE,TEST_FAILURE,TEST_FAILURE,TEST_FAILURE,COMPILATION_FAILURE,COMPILATION_FAILURE
43b3a858b77ec27fc8946aba292001c3de465012,COMPILATION_FAILURE,COMPILATION_FAILURE,COMPILATION_FAILURE,COMPILATION_FAILURE,COMPILATION_FAILURE,COMPILATION_FAILURE,ERROR_MODEL_RESPONSE,COMPILATION_FAILURE
7c62ae7f31ed9c994a9c1e6906fb9de391c1af5b,COMPILATION_FAILURE,COMPILATION_FAILURE,COMPILATION_FAILURE,COMPILATION_FAILURE,COMPILATION_FAILURE,COMPILATION_FAILURE,COMPILATION_FAILURE,COMPILATION_FAILURE
46979207151a43361447d64afd2658df40033419,ERROR_MODEL_RESPONSE,COMPILATION_FAILURE,ERROR_MODEL_RESPONSE,ERROR_MODEL_RESPONSE,COMPILATION_FAILURE,COMPILATION_FAILURE,COMPILATION_FAILURE,ERROR_MODEL_RESPONSE
c32185c43be158d32c7d13c5b816991954eb45fa,COMPILATION_FAILURE,COMPILATION_FAILURE,COMPILATION_FAILURE,TEST_FAILURE,COMPILATION_FAILURE,TEST_FAILURE,TEST_FAILURE,COMPILATION_FAILURE
38c9915f0cfdf0c1a2b17c3c6f283c23a0aac0cf,COMPILATION_FAILURE,COMPILATION_FAILURE,COMPILATION_FAILURE,ERROR_MODEL_RESPONSE,COMPILATION_FAILURE,COMPILATION_FAILURE,COMPILATION_FAILURE,COMPILATION_FAILURE
cb541fd65c7b9bbc3424ea927f1dab223261d156,COMPILATION_FAILURE,COMPILATION_FAILURE,COMPILATION_FAILURE,COMPILATION_FAILURE,COMPILATION_FAILURE,COMPILATION_FAILURE,COMPILATION_FAILURE,COMPILATION_FAILURE
867e69e208ff59d1f8baae7ed41d3e163a51bc65,COMPILATION_FAILURE,COMPILATION_FAILURE,COMPILATION_FAILURE,COMPILATION_FAILURE,COMPILATION_FAILURE,COMPILATION_FAILURE,COMPILATION_FAILURE,COMPILATION_FAILURE
1e17e176460ab4283e463e62fece844d341da7f0,TEST_FAILURE,COMPILATION_FAILURE,COMPILATION_FAILURE,COMPILATION_FAILURE,COMPILATION_FAILURE,TEST_FAILURE,TEST_FAILURE,TEST_FAILURE
4aab2869639226035c999c282f31efba15648ea3,COMPILATION_FAILURE,COMPILATION_FAILURE,COMPILATION_FAILURE,COMPILATION_FAILURE,COMPILATION_FAILURE,BUILD_SUCCESS,COMPILATION_FAILURE,WERROR_FAILURE
1cc7071371953a7880c2c2c3a5a32c36af7f88f9,TEST_FAILURE,COMPILATION_FAILURE,BUILD_SUCCESS,BUILD_SUCCESS,BUILD_SUCCESS,COMPILATION_FAILURE,TEST_FAILURE,COMPILATION_FAILURE
acc50dabec6796c091b84c1ada2ae4cbcab8b562,BUILD_SUCCESS,BUILD_SUCCESS,BUILD_SUCCESS,BUILD_SUCCESS,BUILD_SUCCESS,BUILD_SUCCESS,BUILD_SUCCESS,BUILD_SUCCESS
165381d26b2c3d2278fde88c16f95807506451fe,BUILD_SUCCESS,BUILD_SUCCESS,BUILD_SUCCESS,BUILD_SUCCESS,BUILD_SUCCESS,BUILD_SUCCESS,BUILD_SUCCESS,BUILD_SUCCESS
61e96bfe3a32d6ef2e5d7912a518c78bd5474e74,COMPILATION_FAILURE,COMPILATION_FAILURE,COMPILATION_FAILURE,COMPILATION_FAILURE,COMPILATION_FAILURE,COMPILATION_FAILURE,COMPILATION_FAILURE,COMPILATION_FAILURE
6c53cd904bd66fc79af8687571e607c259226b81,BUILD_SUCCESS,BUILD_SUCCESS,BUILD_SUCCESS,BUILD_SUCCESS,BUILD_SUCCESS,BUILD_SUCCESS,BUILD_SUCCESS,BUILD_SUCCESS
ea03f6488449fcfe8cd0a678b4c64891e1427a32,COMPILATION_FAILURE,COMPILATION_FAILURE,COMPILATION_FAILURE,COMPILATION_FAILURE,COMPILATION_FAILURE,COMPILATION_FAILURE,COMPILATION_FAILURE,COMPILATION_FAILURE
cd5bb39f43e4570b875027073da3d4e43349ead1,COMPILATION_FAILURE,COMPILATION_FAILURE,COMPILATION_FAILURE,ERROR_MODEL_RESPONSE,COMPILATION_FAILURE,COMPILATION_FAILURE,COMPILATION_FAILURE,COMPILATION_FAILURE
489aad6060454d0b7b34a144e0b345c5a3a199f5,TEST_FAILURE,COMPILATION_FAILURE,COMPILATION_FAILURE,COMPILATION_FAILURE,COMPILATION_FAILURE,COMPILATION_FAILURE,COMPILATION_FAILURE,COMPILATION_FAILURE
7d0e38fa9d6a9f96afdc0143fa44b4145e3555d8,TEST_FAILURE,TEST_FAILURE,TEST_FAILURE,COMPILATION_FAILURE,TEST_FAILURE,TEST_FAILURE,TEST_FAILURE,TEST_FAILURE
f714a41f0ffe9720939d4980da5119d1f45bd770,COMPILATION_FAILURE,COMPILATION_FAILURE,COMPILATION_FAILURE,COMPILATION_FAILURE,COMPILATION_FAILURE,COMPILATION_FAILURE,COMPILATION_FAILURE,COMPILATION_FAILURE
dcc95f410847ab308db2f2a31ab13e32dc65c670,COMPILATION_FAILURE,COMPILATION_FAILURE,COMPILATION_FAILURE,COMPILATION_FAILURE,COMPILATION_FAILURE,COMPILATION_FAILURE,TEST_FAILURE,COMPILATION_FAILURE
b2edf635da83fd076262a41751c6f773c17f3b76,COMPILATION_FAILURE,COMPILATION_FAILURE,COMPILATION_FAILURE,COMPILATION_FAILURE,COMPILATION_FAILURE,BUILD_SUCCESS,COMPILATION_FAILURE,COMPILATION_FAILURE
f78d34b82926216c0f203c0350f646d481c675e3,BUILD_SUCCESS,BUILD_SUCCESS,BUILD_SUCCESS,COMPILATION_FAILURE,BUILD_SUCCESS,BUILD_SUCCESS,BUILD_SUCCESS,BUILD_SUCCESS
3d29f9a6823fa68763d3148bc0353ac557f2a815,BUILD_SUCCESS,COMPILATION_FAILURE,COMPILATION_FAILURE,BUILD_SUCCESS,COMPILATION_FAILURE,COMPILATION_FAILURE,BUILD_SUCCESS,COMPILATION_FAILURE
ae16b526695fe275ab5e6a1992916875d26da860,TEST_FAILURE,COMPILATION_FAILURE,TEST_FAILURE,TEST_FAILURE,COMPILATION_FAILURE,COMPILATION_FAILURE,TEST_FAILURE,TEST_FAILURE
5adde4f1309a1078b39d013a30dc392c97ca7543,BUILD_SUCCESS,COMPILATION_FAILURE,COMPILATION_FAILURE,ERROR_MODEL_RESPONSE,COMPILATION_FAILURE,COMPILATION_FAILURE,BUILD_SUCCESS,COMPILATION_FAILURE
5769bdad76925da568294cb8a40e7d4469699ac3,BUILD_SUCCESS,BUILD_SUCCESS,BUILD_SUCCESS,BUILD_SUCCESS,COMPILATION_FAILURE,BUILD_SUCCESS,BUILD_SUCCESS,BUILD_SUCCESS
2d733a58045b4bf3669aa00d875e77f9db48c29b,TEST_FAILURE,COMPILATION_FAILURE,COMPILATION_FAILURE,COMPILATION_FAILURE,TEST_FAILURE,COMPILATION_FAILURE,COMPILATION_FAILURE,TEST_FAILURE
24d4a90ec1b375751e71f33d18949405c9529d77,BUILD_SUCCESS,BUILD_SUCCESS,BUILD_SUCCESS,BUILD_SUCCESS,BUILD_SUCCESS,BUILD_SUCCESS,BUILD_SUCCESS,BUILD_SUCCESS
54857351e0b0a655970d7e2ccdb67f175cc5d688,BUILD_SUCCESS,BUILD_SUCCESS,BUILD_SUCCESS,BUILD_SUCCESS,BUILD_SUCCESS,BUILD_SUCCESS,BUILD_SUCCESS,BUILD_SUCCESS
ea33b5101edffc0242967cbf21c1016378b18483,TEST_FAILURE,TEST_FAILURE,COMPILATION_FAILURE,COMPILATION_FAILURE,COMPILATION_FAILURE,TEST_FAILURE,COMPILATION_FAILURE,COMPILATION_FAILURE
c09896887acf0fe59320e01145a7034cd8d4e326,BUILD_SUCCESS,BUILD_SUCCESS,BUILD_SUCCESS,BUILD_SUCCESS,BUILD_SUCCESS,BUILD_SUCCESS,BUILD_SUCCESS,BUILD_SUCCESS
1d43bce1de6a81ac017c233d72f348d3c850299e,COMPILATION_FAILURE,TEST_FAILURE,COMPILATION_FAILURE,COMPILATION_FAILURE,TEST_FAILURE,TEST_FAILURE,TEST_FAILURE,COMPILATION_FAILURE
6ac25d3a60ea29a41a37ad47b7feb2908ee84fff,COMPILATION_FAILURE,COMPILATION_FAILURE,COMPILATION_FAILURE,COMPILATION_FAILURE,COMPILATION_FAILURE,BUILD_SUCCESS,COMPILATION_FAILURE,COMPILATION_FAILURE
a26797cdeeecaa3b900ea1e0d5ec0cec66bf03ff,TEST_FAILURE,COMPILATION_FAILURE,COMPILATION_FAILURE,TEST_FAILURE,COMPILATION_FAILURE,COMPILATION_FAILURE,TEST_FAILURE,TEST_FAILURE
36859167815292f279e570d39dd2ddbcf1622dc6,BUILD_SUCCESS,BUILD_SUCCESS,BUILD_SUCCESS,BUILD_SUCCESS,BUILD_SUCCESS,BUILD_SUCCESS,COMPILATION_FAILURE,BUILD_SUCCESS
250cafc7d6ae47d5d4803b5a5e58186eb81fa3b5,COMPILATION_FAILURE,COMPILATION_FAILURE,COMPILATION_FAILURE,COMPILATION_FAILURE,COMPILATION_FAILURE,COMPILATION_FAILURE,COMPILATION_FAILURE,COMPILATION_FAILURE
d54b56b91c11f21b97d4903143b04b7c1f10c255,COMPILATION_FAILURE,COMPILATION_FAILURE,COMPILATION_FAILURE,COMPILATION_FAILURE,COMPILATION_FAILURE,COMPILATION_FAILURE,COMPILATION_FAILURE,COMPILATION_FAILURE
c0f6ab75784dbc13ae8ff47298704c0756cf3a2c,BUILD_SUCCESS,COMPILATION_FAILURE,COMPILATION_FAILURE,BUILD_SUCCESS,COMPILATION_FAILURE,COMPILATION_FAILURE,BUILD_SUCCESS,BUILD_SUCCESS
832e0f184efdad0fcf15d14cb7af5e30239ff454,BUILD_SUCCESS,COMPILATION_FAILURE,BUILD_SUCCESS,BUILD_SUCCESS,COMPILATION_FAILURE,BUILD_SUCCESS,BUILD_SUCCESS,COMPILATION_FAILURE
0abf7148300f40a1da0538ab060552bca4a2f1d8,BUILD_SUCCESS,BUILD_SUCCESS,BUILD_SUCCESS,BUILD_SUCCESS,COMPILATION_FAILURE,COMPILATION_FAILURE,BUILD_SUCCESS,BUILD_SUCCESS
8436e73fa0c913774d9792fc986c74309765ab61,COMPILATION_FAILURE,COMPILATION_FAILURE,COMPILATION_FAILURE,COMPILATION_FAILURE,COMPILATION_FAILURE,COMPILATION_FAILURE,COMPILATION_FAILURE,COMPILATION_FAILURE
feb582661e77de66eadaa7550720a8751b266ee4,COMPILATION_FAILURE,COMPILATION_FAILURE,COMPILATION_FAILURE,COMPILATION_FAILURE,TEST_FAILURE,TEST_FAILURE,COMPILATION_FAILURE,COMPILATION_FAILURE
7d97e1c7331f6722eb1d8192bf0a2686f5a33798,BUILD_SUCCESS,BUILD_SUCCESS,BUILD_SUCCESS,BUILD_SUCCESS,BUILD_SUCCESS,BUILD_SUCCESS,BUILD_SUCCESS,BUILD_SUCCESS
1820a966ae02ad8df44d0a0106cba65ceaf3aa95,COMPILATION_FAILURE,COMPILATION_FAILURE,COMPILATION_FAILURE,TEST_FAILURE,COMPILATION_FAILURE,COMPILATION_FAILURE,COMPILATION_FAILURE,TEST_FAILURE
2f01c46b96a8edf437edf20e6dbd848edcb27085,COMPILATION_FAILURE,COMPILATION_FAILURE,COMPILATION_FAILURE,COMPILATION_FAILURE,COMPILATION_FAILURE,COMPILATION_FAILURE,COMPILATION_FAILURE,COMPILATION_FAILURE
500d9c021d34b307b1a70d3f29fb7f9b5ab9d1a6,COMPILATION_FAILURE,COMPILATION_FAILURE,COMPILATION_FAILURE,ERROR_MODEL_RESPONSE,COMPILATION_FAILURE,COMPILATION_FAILURE,COMPILATION_FAILURE,COMPILATION_FAILURE
1a2fb9f65e12d6c43a8472b9b035299b29a75ce8,COMPILATION_FAILURE,COMPILATION_FAILURE,COMPILATION_FAILURE,COMPILATION_FAILURE,COMPILATION_FAILURE,COMPILATION_FAILURE,COMPILATION_FAILURE,COMPILATION_FAILURE
9461431622cf39efe60cf1eb03a94083780c5720,TEST_FAILURE,TEST_FAILURE,TEST_FAILURE,COMPILATION_FAILURE,TEST_FAILURE,TEST_FAILURE,TEST_FAILURE,COMPILATION_FAILURE
0a11c04038eae517540051dbf51f7f26b7221f20,BUILD_SUCCESS,BUILD_SUCCESS,COMPILATION_FAILURE,BUILD_SUCCESS,COMPILATION_FAILURE,COMPILATION_FAILURE,BUILD_SUCCESS,BUILD_SUCCESS
83a25390887d8afa7d43b70070d710da3c90a7a6,NOT_REPAIRED,NOT_REPAIRED,NOT_REPAIRED,NOT_REPAIRED,NOT_REPAIRED,NOT_REPAIRED,NOT_REPAIRED,NOT_REPAIRED
2b4d49d68112941b8abb818549389709d8327963,COMPILATION_FAILURE,COMPILATION_FAILURE,COMPILATION_FAILURE,COMPILATION_FAILURE,COMPILATION_FAILURE,COMPILATION_FAILURE,COMPILATION_FAILURE,COMPILATION_FAILURE
fe15d2a6e52b049f6c9e7cc123a5402047a1f01a,COMPILATION_FAILURE,COMPILATION_FAILURE,COMPILATION_FAILURE,ERROR_MODEL_RESPONSE,COMPILATION_FAILURE,COMPILATION_FAILURE,ERROR_MODEL_RESPONSE,COMPILATION_FAILURE
9717e34bcda74bd9ad94f6a52ddfd3fd179ea15b,COMPILATION_FAILURE,COMPILATION_FAILURE,COMPILATION_FAILURE,COMPILATION_FAILURE,COMPILATION_FAILURE,COMPILATION_FAILURE,COMPILATION_FAILURE,COMPILATION_FAILURE
115827c6675f532a4d33751d1a0c0ba394bbd304,COMPILATION_FAILURE,COMPILATION_FAILURE,COMPILATION_FAILURE,COMPILATION_FAILURE,COMPILATION_FAILURE,COMPILATION_FAILURE,COMPILATION_FAILURE,COMPILATION_FAILURE
54abbbde6a1233e1523a9b5f811ea100efb5dead,BUILD_SUCCESS,BUILD_SUCCESS,BUILD_SUCCESS,BUILD_SUCCESS,BUILD_SUCCESS,BUILD_SUCCESS,BUILD_SUCCESS,BUILD_SUCCESS
923a6b2027e3ca1762deb6a60fc0a768c284122b,COMPILATION_FAILURE,COMPILATION_FAILURE,COMPILATION_FAILURE,COMPILATION_FAILURE,COMPILATION_FAILURE,WERROR_FAILURE,COMPILATION_FAILURE,COMPILATION_FAILURE
dc9f7910968cd0aa2090e390045ae053693e839a,COMPILATION_FAILURE,COMPILATION_FAILURE,TEST_FAILURE,COMPILATION_FAILURE,COMPILATION_FAILURE,COMPILATION_FAILURE,COMPILATION_FAILURE,COMPILATION_FAILURE
249c3b394540fde4fcb72f66172af5e02b9c637e,COMPILATION_FAILURE,TEST_FAILURE,COMPILATION_FAILURE,TEST_FAILURE,TEST_FAILURE,COMPILATION_FAILURE,TEST_FAILURE,TEST_FAILURE
4a3efad6e00824e5814b9c8f571c9c98aad40281,TEST_FAILURE,COMPILATION_FAILURE,TEST_FAILURE,TEST_FAILURE,COMPILATION_FAILURE,COMPILATION_FAILURE,TEST_FAILURE,COMPILATION_FAILURE
4bba3fb6147e72946f64724fe55eee5d15ff6206,COMPILATION_FAILURE,COMPILATION_FAILURE,COMPILATION_FAILURE,COMPILATION_FAILURE,COMPILATION_FAILURE,COMPILATION_FAILURE,COMPILATION_FAILURE,COMPILATION_FAILURE
14fc5fa696f499cac48401b3a86882b3bf7d9b82,COMPILATION_FAILURE,COMPILATION_FAILURE,COMPILATION_FAILURE,COMPILATION_FAILURE,COMPILATION_FAILURE,COMPILATION_FAILURE,COMPILATION_FAILURE,COMPILATION_FAILURE
9545eb3a2687afc77b0a7da4d5d621807618d95c,COMPILATION_FAILURE,COMPILATION_FAILURE,COMPILATION_FAILURE,COMPILATION_FAILURE,COMPILATION_FAILURE,COMPILATION_FAILURE,COMPILATION_FAILURE,COMPILATION_FAILURE
402082609522c66a3b790aedafd0570148a7d53f,COMPILATION_FAILURE,COMPILATION_FAILURE,COMPILATION_FAILURE,ERROR_MODEL_RESPONSE,COMPILATION_FAILURE,COMPILATION_FAILURE,COMPILATION_FAILURE,COMPILATION_FAILURE
88c1f903cede03ff371059cdaf009dab12007043,BUILD_SUCCESS,BUILD_SUCCESS,BUILD_SUCCESS,BUILD_SUCCESS,BUILD_SUCCESS,BUILD_SUCCESS,BUILD_SUCCESS,BUILD_SUCCESS
f6659d758a437f8b676481fe70671a68a6ee1cde,TEST_FAILURE,TEST_FAILURE,COMPILATION_FAILURE,COMPILATION_FAILURE,COMPILATION_FAILURE,COMPILATION_FAILURE,TEST_FAILURE,TEST_FAILURE
5fcd0c3ad7727850c47602b17530dc355e5bd097,COMPILATION_FAILURE,COMPILATION_FAILURE,COMPILATION_FAILURE,COMPILATION_FAILURE,COMPILATION_FAILURE,COMPILATION_FAILURE,COMPILATION_FAILURE,COMPILATION_FAILURE
3eb708f53f5f1ce897c3554bb73f5de5698dd171,COMPILATION_FAILURE,COMPILATION_FAILURE,COMPILATION_FAILURE,ERROR_MODEL_RESPONSE,COMPILATION_FAILURE,COMPILATION_FAILURE,COMPILATION_FAILURE,COMPILATION_FAILURE
16ae40b1e17e14ee3ae20ac211647e47399a01a9,BUILD_SUCCESS,BUILD_SUCCESS,BUILD_SUCCESS,BUILD_SUCCESS,BUILD_SUCCESS,BUILD_SUCCESS,BUILD_SUCCESS,BUILD_SUCCESS
d38182a8a0fe1ec039aed97e103864fce717a0be,COMPILATION_FAILURE,COMPILATION_FAILURE,COMPILATION_FAILURE,COMPILATION_FAILURE,COMPILATION_FAILURE,COMPILATION_FAILURE,COMPILATION_FAILURE,COMPILATION_FAILURE
3ff575ae202cdf76ddfa8a4228a1711a6fa1e921,TEST_FAILURE,TEST_FAILURE,TEST_FAILURE,TEST_FAILURE,TEST_FAILURE,TEST_FAILURE,TEST_FAILURE,TEST_FAILURE
d401e189fb6435110e3dc4ca1a94838f167e7ddf,COMPILATION_FAILURE,COMPILATION_FAILURE,COMPILATION_FAILURE,COMPILATION_FAILURE,COMPILATION_FAILURE,COMPILATION_FAILURE,COMPILATION_FAILURE,ERROR_MODEL_RESPONSE
07fad972bb884e9fa6143b4f870d08305811607d,COMPILATION_FAILURE,COMPILATION_FAILURE,COMPILATION_FAILURE,ERROR_MODEL_RESPONSE,COMPILATION_FAILURE,COMPILATION_FAILURE,COMPILATION_FAILURE,TEST_FAILURE
cbcafe129e143ef09401470e9d11de9758f298d0,COMPILATION_FAILURE,COMPILATION_FAILURE,COMPILATION_FAILURE,TEST_FAILURE,COMPILATION_FAILURE,COMPILATION_FAILURE,TEST_FAILURE,TEST_FAILURE
b1a941400d68445d76056ab8833cd6d2e3455954,TEST_FAILURE,TEST_FAILURE,TEST_FAILURE,TEST_FAILURE,TEST_FAILURE,TEST_FAILURE,TEST_FAILURE,TEST_FAILURE
ad80bdff62b1b0520d3fb9e8d627532a38a7c60c,COMPILATION_FAILURE,COMPILATION_FAILURE,TEST_FAILURE,ERROR_MODEL_RESPONSE,COMPILATION_FAILURE,COMPILATION_FAILURE,COMPILATION_FAILURE,COMPILATION_FAILURE
bd3ce213e2771c6ef7817c80818807a757d4e94a,COMPILATION_FAILURE,COMPILATION_FAILURE,COMPILATION_FAILURE,COMPILATION_FAILURE,COMPILATION_FAILURE,COMPILATION_FAILURE,COMPILATION_FAILURE,COMPILATION_FAILURE
3572a1ecc0154c61e05505aed56055b9c5e539a6,COMPILATION_FAILURE,COMPILATION_FAILURE,COMPILATION_FAILURE,COMPILATION_FAILURE,COMPILATION_FAILURE,COMPILATION_FAILURE,COMPILATION_FAILURE,COMPILATION_FAILURE
979d6237a50840cd925cc1a33c415ffbbbc42846,BUILD_SUCCESS,BUILD_SUCCESS,BUILD_SUCCESS,BUILD_SUCCESS,BUILD_SUCCESS,BUILD_SUCCESS,BUILD_SUCCESS,BUILD_SUCCESS
a2b0fc53611f8705640773f18c8dd6a47eed3b7f,COMPILATION_FAILURE,TEST_FAILURE,COMPILATION_FAILURE,COMPILATION_FAILURE,COMPILATION_FAILURE,COMPILATION_FAILURE,COMPILATION_FAILURE,COMPILATION_FAILURE
7f7de81d28b68b091bef2e6f6ffd1836167be6ea,TEST_FAILURE,TEST_FAILURE,TEST_FAILURE,TEST_FAILURE,TEST_FAILURE,TEST_FAILURE,COMPILATION_FAILURE,COMPILATION_FAILURE
067f5d2c81ff87c90755f4ed48f62eb5faa8ecf9,BUILD_SUCCESS,BUILD_SUCCESS,BUILD_SUCCESS,TEST_FAILURE,TEST_FAILURE,COMPILATION_FAILURE,BUILD_SUCCESS,BUILD_SUCCESS
ff8b5b61548d50cf60b77784a181e917cb35033b,BUILD_SUCCESS,BUILD_SUCCESS,BUILD_SUCCESS,BUILD_SUCCESS,BUILD_SUCCESS,BUILD_SUCCESS,BUILD_SUCCESS,BUILD_SUCCESS
5cf5a482bd430d81257b4ecd85b3d4f7da911621,COMPILATION_FAILURE,COMPILATION_FAILURE,COMPILATION_FAILURE,ERROR_MODEL_RESPONSE,COMPILATION_FAILURE,COMPILATION_FAILURE,COMPILATION_FAILURE,COMPILATION_FAILURE
6ad104c4fb9263ad1bb29e6b33618b8225efd92d,BUILD_SUCCESS,COMPILATION_FAILURE,BUILD_SUCCESS,BUILD_SUCCESS,COMPILATION_FAILURE,COMPILATION_FAILURE,BUILD_SUCCESS,BUILD_SUCCESS
3f30dfff617fd652412260ecf648a25769a27101,TEST_FAILURE,TEST_FAILURE,TEST_FAILURE,TEST_FAILURE,TEST_FAILURE,TEST_FAILURE,TEST_FAILURE,TEST_FAILURE
8502e85f9ee2ff90ce96b47b5904f011e81e8bb8,COMPILATION_FAILURE,COMPILATION_FAILURE,COMPILATION_FAILURE,COMPILATION_FAILURE,COMPILATION_FAILURE,COMPILATION_FAILURE,COMPILATION_FAILURE,COMPILATION_FAILURE
ef3f7be3e2755d4a0f9c23bdcbfe3b97198fb31b,DEPENDENCY_RESOLUTION_FAILURE,DEPENDENCY_RESOLUTION_FAILURE,DEPENDENCY_RESOLUTION_FAILURE,DEPENDENCY_RESOLUTION_FAILURE,DEPENDENCY_RESOLUTION_FAILURE,DEPENDENCY_RESOLUTION_FAILURE,DEPENDENCY_RESOLUTION_FAILURE,DEPENDENCY_RESOLUTION_FAILURE
43c824a24b09efd8b4b00449ce31cd121a6b23eb,COMPILATION_FAILURE,COMPILATION_FAILURE,COMPILATION_FAILURE,COMPILATION_FAILURE,COMPILATION_FAILURE,COMPILATION_FAILURE,COMPILATION_FAILURE,COMPILATION_FAILURE
af6e5d1cc94f031f29b4838e7a8b56704c8c5de4,COMPILATION_FAILURE,COMPILATION_FAILURE,COMPILATION_FAILURE,COMPILATION_FAILURE,TEST_FAILURE,COMPILATION_FAILURE,COMPILATION_FAILURE,COMPILATION_FAILURE